index,x,y
stall1,-7.002695631,110.4007794
stall2,-7.004822059,110.397202
stall3,-7.00512089,110.3968325
stall4,-7.005291935,110.3967514
stall5,-7.008454602,110.3962901
stall6,-7.008848575,110.3964949
stall7,-7.008686965,110.3951566
stall8,-7.012116002,110.3905872
stall9,-7.011185893,110.3912974
stall10,-7.018422955,110.389588
